<?xml version="1.0" encoding="UTF-8"?>
<project-private xmlns="http://www.netbeans.org/ns/project-private/1">
    <editor-bookmarks xmlns="http://www.netbeans.org/ns/editor-bookmarks/2" lastBookmarkId="0"/>
    <open-files xmlns="http://www.netbeans.org/ns/projectui-open-files/2">
        <group>
            <file>file:/home/cody/NetBeansProjects/3420/src/DBConnection.java</file>
            <file>file:/home/cody/NetBeansProjects/3420/src/Reports.java</file>
            <file>file:/home/cody/NetBeansProjects/3420/src/AddInvoice.java</file>
            <file>file:/home/cody/NetBeansProjects/3420/src/MainWindow.java</file>
            <file>file:/home/cody/NetBeansProjects/3420/src/Invoices.java</file>
            <file>file:/home/cody/NetBeansProjects/3420/src/Tickets.java</file>
            <file>file:/home/cody/NetBeansProjects/3420/src/AddTicket.java</file>
        </group>
    </open-files>
</project-private>
